模型,最优alpha,调整R2
游客量模型,0.001,0.6887811560174305
旅游收入模型,0.001,0.6608611531736708
